C,penalty,Solver,F1,Std,Time,No,Attack
0.28513605856455243,l2,newton-cg,0.9594696599678528,1.1102230246251565e-16,44.205,0,SYN
0.7102292480120439,l2,newton-cg,0.9594696599678528,1.1102230246251565e-16,35.425,1,SYN
0.009324180001960152,l2,lbfgs,0.9478895628158108,0.0,11.246,2,SYN
2.656094243014108e-05,l2,newton-cg,0.9400470795939386,1.1102230246251565e-16,40.809,3,SYN
0.2133177331732172,l2,newton-cg,0.9594696599678528,1.1102230246251565e-16,39.799,4,SYN
39.77952968487038,l2,newton-cg,0.9648587683401537,0.0,44.008,5,SYN
0.005595238125663156,l2,liblinear,0.8372925447175785,0.0,5.18,6,SYN
0.0342839992891788,l2,newton-cg,0.9594696599678528,1.1102230246251565e-16,34.997,7,SYN
7.007270826633886e-05,l2,lbfgs,0.9531450244535382,0.0,22.909,8,SYN
0.012540050462840024,l2,newton-cg,0.9466725905880333,0.0,40.207,9,SYN
15.112541651174508,l2,liblinear,0.3333333333333333,0.0,0.981,0,HTTP
0.00029784971010067687,l2,liblinear,0.3333333333333333,0.0,0.278,1,HTTP
0.00787145323723505,l2,liblinear,0.3333333333333333,0.0,1.977,2,HTTP
0.2617229879420872,l2,newton-cg,1.0,0.0,7.096,3,HTTP
25.084940260417135,l2,lbfgs,0.3333333333333333,0.0,3.121,4,HTTP
2.699347147434975,l2,lbfgs,0.3333333333333333,0.0,2.277,5,HTTP
0.10943236309681996,l2,newton-cg,1.0,0.0,5.581,6,HTTP
0.006684527284419549,l2,newton-cg,1.0,0.0,8.752,7,HTTP
14.96322564080888,l2,newton-cg,1.0,0.0,4.666,8,HTTP
14.571537117317751,l2,newton-cg,1.0,0.0,5.647,9,HTTP
0.045803838009223614,l2,liblinear,0.49670078103959064,0.0,2.137,0,ACK
0.12757069689276915,l2,newton-cg,0.49670078103959064,0.0,8.553,1,ACK
7.764692789606544,l2,liblinear,0.49670078103959064,0.0,1.195,2,ACK
0.009536287164657226,l2,newton-cg,0.49670078103959064,0.0,9.86,3,ACK
0.0009235922327949918,l2,newton-cg,0.49670078103959064,0.0,9.344,4,ACK
22.8900194216753,l2,lbfgs,0.49670078103959064,0.0,3.757,5,ACK
0.08805944380111755,l2,liblinear,0.49670078103959064,0.0,0.372,6,ACK
2.2498839913314975e-05,l2,newton-cg,0.49670078103959064,0.0,14.05,7,ACK
1.575350578476147,l2,liblinear,0.49670078103959064,0.0,1.194,8,ACK
0.20697136865630228,l2,liblinear,0.49670078103959064,0.0,1.918,9,ACK
0.000865443578355859,l2,newton-cg,3.432991814221741e-05,0.0,22.316,0,UDP
1.2688243554443583,l2,newton-cg,3.432991814221741e-05,0.0,20.3,1,UDP
12.661654620313845,l2,newton-cg,3.432991814221741e-05,0.0,21.333,2,UDP
8.00685514063192e-05,l2,lbfgs,3.432991814221741e-05,0.0,4.403,3,UDP
0.021224451262175984,l2,liblinear,3.432991814221741e-05,0.0,3.763,4,UDP
8.595607139216748e-05,l2,lbfgs,3.432991814221741e-05,0.0,4.641,5,UDP
0.1626836609786965,l2,newton-cg,3.432991814221741e-05,0.0,22.422,6,UDP
0.0273604738903715,l2,liblinear,3.432991814221741e-05,0.0,4.854,7,UDP
0.009114963212124533,l2,lbfgs,3.432991814221741e-05,0.0,3.033,8,UDP
7.062524860255771e-05,l2,liblinear,3.432991814221741e-05,0.0,3.37,9,UDP
0.016455515487033435,l2,newton-cg,0.9367769706752757,1.1102230246251565e-16,8.635,0,ARP
0.0015475369738515276,l2,newton-cg,0.9315406793782856,0.0,6.355,1,ARP
0.0031663032922958374,l2,liblinear,0.9412049095622852,1.1102230246251565e-16,2.431,2,ARP
0.024794788609623815,l2,liblinear,0.9362694581547973,1.1102230246251565e-16,3.35,3,ARP
0.38252238593860854,l2,liblinear,0.9412049095622852,1.1102230246251565e-16,2.465,4,ARP
0.0177593932782385,l2,liblinear,0.9438396176314392,0.0,3.041,5,ARP
0.31107913517117286,l2,newton-cg,0.9341626358890858,0.0,6.985,6,ARP
2.618086321565757e-05,l2,liblinear,0.9412049095622852,1.1102230246251565e-16,1.86,7,ARP
0.029763720861036493,l2,liblinear,0.9315406793782856,0.0,1.659,8,ARP
0.6128333443708177,l2,liblinear,0.9387341283252064,0.0,2.63,9,ARP
95.38562218032791,l2,liblinear,0.9973954026894841,0.0,1.965,0,SP
4.211632514642123,l2,newton-cg,0.9382526582951038,1.1102230246251565e-16,6.736,1,SP
0.003581749871906473,l2,liblinear,0.9295018404235144,1.1102230246251565e-16,1.119,2,SP
10.049166386817674,l2,lbfgs,0.9425323964186256,0.0,4.812,3,SP
23.33194943297302,l2,liblinear,0.9425323964186256,0.0,3.263,4,SP
0.00016057574877806376,l2,newton-cg,0.9317139175942204,0.0,5.53,5,SP
0.0001865689794556903,l2,lbfgs,0.9425323964186256,0.0,3.565,6,SP
17.32539046970768,l2,liblinear,0.9973954026894841,0.0,1.978,7,SP
69.04306345790391,l2,lbfgs,0.9028227863372363,0.0,3.806,8,SP
0.0035408471694462363,l2,lbfgs,0.9425323964186256,0.0,5.401,9,SP
19.939917885610733,l2,liblinear,0.3161659243587106,0.0,11.748,0,BF
0.00013248295390495574,l2,lbfgs,0.3161659243587106,0.0,5.708,1,BF
2.998021690217488,l2,lbfgs,0.3161659243587106,0.0,5.355,2,BF
0.17961665601901153,l2,lbfgs,0.31622085158446134,0.0,5.68,3,BF
0.012748219441408339,l2,liblinear,0.3161659243587106,0.0,7.389,4,BF
0.0053635800428429165,l2,liblinear,0.3161659243587106,0.0,6.709,5,BF
4.7812508511258745e-05,l2,lbfgs,0.31619888125044066,0.0,4.547,6,BF
4.621258054744242,l2,lbfgs,0.3161659243587106,0.0,5.365,7,BF
1.2294721559806704e-05,l2,lbfgs,0.3161769101747216,0.0,6.186,8,BF
0.024629599287356165,l2,lbfgs,0.3161659243587106,0.0,6.446,9,BF
11.099951218008162,l2,newton-cg,0.7493227882455811,0.0,21.253,0,OS
64.90746101716869,l2,newton-cg,0.7552597618673862,0.0,17.559,1,OS
0.008917052251250768,l2,newton-cg,0.755137831666201,0.0,20.017,2,OS
39.16616411842965,l2,newton-cg,0.7552758777341793,0.0,18.347,3,OS
0.017423081970955333,l2,newton-cg,0.7557841216822079,0.0,23.708,4,OS
75.07161882315604,l2,newton-cg,0.7521180793665612,0.0,13.25,5,OS
0.06080947828964959,l2,lbfgs,0.7045912327219856,0.0,2.514,6,OS
0.003179190369377796,l2,newton-cg,0.751517947140929,0.0,15.018,7,OS
0.3016709303860529,l2,newton-cg,0.7475855920952057,0.0,19.079,8,OS
0.12095329363009492,l2,newton-cg,0.7538698353369896,0.0,20.159,9,OS
0.03319732711513809,l2,newton-cg,0.9706865589169775,0.0,4.982,0,SCHD
0.003431434264711715,l2,lbfgs,0.807933523311221,1.1102230246251565e-16,2.056,1,SCHD
0.0001327454602572036,l2,newton-cg,0.9578124502974201,1.1102230246251565e-16,4.736,2,SCHD
43.586072643712306,l2,newton-cg,0.9389811403222901,0.0,4.406,3,SCHD
1.403941751512702,l2,newton-cg,0.9667439819458374,0.0,6.958,4,SCHD
3.609961661402536,l2,newton-cg,0.9578124502974201,1.1102230246251565e-16,6.398,5,SCHD
0.01628054334492163,l2,newton-cg,0.9584299774322969,0.0,6.163,6,SCHD
0.0012544581982037522,l2,newton-cg,0.9389811403222901,0.0,7.664,7,SCHD
7.101925815661884e-05,l2,newton-cg,0.9389811403222901,0.0,4.551,8,SCHD
0.0019963754283374383,l2,lbfgs,0.8121857962189336,0.0,1.739,9,SCHD
8.939675406969264e-05,l2,liblinear,0.4122418191902385,0.0,2.526,0,MHDis
0.8974664819978905,l2,newton-cg,0.4122418191902385,0.0,6.365,1,MHDis
2.5464026734146237,l2,newton-cg,0.4122418191902385,0.0,6.194,2,MHDis
0.05713822488731319,l2,lbfgs,0.43536219429730644,0.0,2.901,3,MHDis
2.353569664990335e-05,l2,newton-cg,0.4118076706247762,0.0,6.526,4,MHDis
24.52697733098776,l2,lbfgs,0.4235587651327465,0.0,2.558,5,MHDis
0.5706633255381114,l2,lbfgs,0.44626198083067087,5.551115123125783e-17,2.424,6,MHDis
5.770938407411631,l2,newton-cg,0.4122418191902385,0.0,5.845,7,MHDis
14.358851690500341,l2,lbfgs,0.43008451496143235,0.0,2.264,8,MHDis
0.000103685799588884,l2,newton-cg,0.4126759061833688,5.551115123125783e-17,6.264,9,MHDis
